timestamp,price,volume
2025-09-29 19:02:11.137,114079.5633862581,59244929837.63786
2025-09-29 20:02:22.667,114267.65815499244,60798391650.99954
2025-09-29 21:02:52.696,114335.55581555494,61740518202.87761
2025-09-29 22:02:21.536,114228.4460751732,61827530609.20346
2025-09-29 23:02:06.322,114199.64361291657,59472095802.84539
2025-09-30 00:01:15.755,114309.15041119447,57833295882.65785
2025-09-30 01:01:54.468,114591.64075168502,58891883699.462364
2025-09-30 02:01:58.221,114354.80102507943,58981598730.30158
2025-09-30 03:02:18.454,114470.31365250966,58763238858.86955
2025-09-30 04:01:47.388,114387.96352880343,58591532095.292145
2025-09-30 05:01:30.384,114125.99066435872,58222309892.80595
2025-09-30 06:02:17.043,113900.5151481005,59606884255.388916
2025-09-30 07:02:12.795,114005.75472972944,59825454276.051765
2025-09-30 08:01:25.874,113743.3326373963,59964485203.87368
2025-09-30 09:01:44.901,113486.80547713279,59543176475.09739
2025-09-30 10:02:32.043,112890.22100983586,60376761384.69447
2025-09-30 11:02:16.030,113034.88754235029,61702578889.885796
2025-09-30 12:01:22.003,113090.666325633,61452843348.529854
2025-09-30 13:02:09.316,113153.91895283562,60937576014.3701
2025-09-30 14:02:15.094,113286.25046418571,59401240646.93363
2025-09-30 15:02:22.020,113560.19793834805,56271481704.740425
2025-09-30 16:02:26.209,113103.90379580077,56879848307.46406
2025-09-30 17:01:29.261,112843.61303366242,55327856067.6129
2025-09-30 18:02:02.079,113343.47542896615,55584916803.72932
2025-09-30 19:02:18.018,113644.47187342969,55545362722.607704
2025-09-30 20:02:25.069,114491.9103392663,56740789101.480804
2025-09-30 21:02:37.088,114618.57914948085,57444270603.44735
2025-09-30 22:02:01.276,114360.38237831357,58378932168.00649
2025-09-30 23:00:42.176,113941.29371405822,57951420649.40067
2025-10-01 00:01:51.573,114024.22783550054,57718901820.70616
2025-10-01 01:02:04.729,114117.90747650724,56995610521.00282
2025-10-01 02:02:18.394,114513.0525092975,56189024472.64735
2025-10-01 03:02:19.999,114279.18471033598,55927755542.095825
2025-10-01 04:01:25.765,114214.15362627294,56213636526.36849
2025-10-01 05:01:37.859,114305.53341495708,56766711365.455475
2025-10-01 06:01:51.704,114613.05189776568,56796468624.53895
2025-10-01 07:06:48.664,114388.4661783791,56452596426.20669
2025-10-01 08:01:18.767,114527.88667529637,55875838651.414505
2025-10-01 09:01:41.225,116080.7836680288,54837312854.269936
2025-10-01 10:01:36.523,116448.6876962004,61271604121.76153
2025-10-01 11:00:22.014,116288.18164831583,60567263953.111115
2025-10-01 12:02:08.411,116644.28137114798,60669073816.82783
2025-10-01 13:01:25.243,116435.39338097989,62298905123.9021
2025-10-01 14:02:22.580,116770.62662304673,63064803578.57232
2025-10-01 15:02:22.512,117251.21265370194,64853910346.08914
2025-10-01 16:01:41.994,117484.31421351855,65207888141.2778
2025-10-01 17:02:51.506,117704.3790559691,69483942990.28572
2025-10-01 18:00:59.339,116868.50649297565,69004609546.63852
2025-10-01 19:01:35.919,117273.63376390918,70618624543.31705
2025-10-01 20:02:26.654,117481.28760147937,69335600554.4747
2025-10-01 21:06:17.876,117594.1568081039,68439436785.16637
2025-10-01 22:01:18.686,117491.0350655874,67410140907.57001
2025-10-01 23:02:10.696,117890.1276507497,67938363473.51913
2025-10-02 00:02:24.809,118503.24451752483,69920179085.4708
2025-10-02 01:02:38.889,118580.43667265555,74991520110.89244
2025-10-02 02:01:51.015,118792.11274433398,74878317579.31914
2025-10-02 03:03:06.616,118751.36338036042,76090637983.94336
2025-10-02 04:01:35.277,118774.17030297645,76658303577.52701
2025-10-02 05:02:02.085,118637.56780342005,75821195505.01414
2025-10-02 06:02:14.057,118386.89339564343,75335560179.06816
2025-10-02 07:02:22.312,118617.56865852905,74663642035.63876
2025-10-02 08:01:23.788,118544.2524595524,75173582126.3366
2025-10-02 09:02:20.931,118682.5766234885,69849351094.08954
2025-10-02 10:06:38.898,118932.97701945083,67151403942.348366
2025-10-02 11:02:37.646,118688.64326239079,66558971047.4935
2025-10-02 12:02:23.784,118870.58017736283,65925191553.58871
2025-10-02 13:02:14.331,119384.33350967319,66236629230.69423
2025-10-02 14:06:25.647,119593.0357894061,67651309739.90661
2025-10-02 15:06:16.054,118835.15046113516,66485014229.89752
2025-10-02 16:02:44.000,119947.5083644721,67246763805.0119
2025-10-02 17:03:05.441,119926.44247377582,67580857666.54917
2025-10-02 18:01:55.663,119971.9710835904,66198696909.38652
2025-10-02 19:00:35.657,120590.64786304125,68157144420.20197
2025-10-02 20:01:54.064,120806.93107659295,71074288737.88626
2025-10-02 21:02:18.021,120523.88980735927,71893586151.70308
2025-10-02 22:01:46.747,120200.57372246339,72266146750.62857
2025-10-02 23:02:14.294,120165.1470230456,72168715153.93767
2025-10-03 00:01:40.573,120514.57785586915,70708858533.94963
2025-10-03 01:06:02.120,120228.71817376939,66232398987.307236
2025-10-03 02:06:30.159,120015.14101780736,65984242469.2436
2025-10-03 03:02:01.597,120178.15640597939,65273918770.41006
2025-10-03 04:02:03.940,120366.33328893849,64703629385.5381
2025-10-03 05:02:23.326,120123.65922741519,64613096574.01271
2025-10-03 06:01:36.822,119975.42358661075,64002498071.99221
2025-10-03 07:01:25.645,119908.35993195747,64068912741.362755
2025-10-03 08:02:11.193,119735.66557820702,65963489878.15732
2025-10-03 09:02:27.778,120003.47766137778,68457026408.38166
2025-10-03 10:06:14.372,120370.71622395476,71471036536.77403
2025-10-03 11:02:14.745,120519.26842007492,71794093213.57314
2025-10-03 12:01:29.814,120409.86985481453,71832912558.06154
2025-10-03 13:01:29.239,120431.4212506921,70508395414.72258
2025-10-03 14:01:34.498,120424.92956448485,69408659934.52345
2025-10-03 15:00:48.049,120967.76635079077,69065523550.76868
2025-10-03 16:01:19.410,122390.74175091466,72042074974.56108
2025-10-03 17:01:57.416,122985.9623505026,78562187928.63762
2025-10-03 18:01:12.265,122128.8501318505,84365524364.04333
2025-10-03 19:01:37.995,122492.96930341884,86100701595.68146
2025-10-03 20:01:57.157,122750.94855600919,84856406388.03346
2025-10-03 21:01:57.118,122618.9446192301,85375045932.62845
2025-10-03 22:01:47.551,122392.67322296939,84929627696.68956
2025-10-03 23:01:54.069,122537.99384944742,84070891085.43182
2025-10-04 00:05:40.641,122294.92441742845,82671538752.18507
2025-10-04 01:05:58.915,122150.06126606805,82596711777.71758
2025-10-04 02:06:06.715,121952.44167267253,82455678025.31012
2025-10-04 03:02:20.966,121935.8168750585,82406196331.61562
2025-10-04 04:01:51.072,122291.0659143831,81893455365.98709
2025-10-04 05:01:43.538,122552.33231600233,81344944407.13565
2025-10-04 06:01:54.300,122646.32935293744,82341375773.88304
2025-10-04 07:02:10.790,122495.61278836025,82325119191.86043
2025-10-04 08:01:58.665,122321.67735182184,79062488890.86073
2025-10-04 09:01:32.347,122319.37588886406,77000199908.10083
2025-10-04 10:02:51.005,122267.9496898834,75184339745.02211
2025-10-04 11:01:48.809,122171.64688781092,73134470522.98842
2025-10-04 12:00:50.253,122065.46823584184,72606771271.08185
2025-10-04 13:02:30.397,122052.9660081154,72302794078.3185
2025-10-04 14:01:27.128,122437.93397095859,69599151217.75127
2025-10-04 15:00:06.224,122091.77008661162,66802177060.30172
2025-10-04 16:02:24.946,121883.35577101377,62803843839.870445
2025-10-04 17:01:55.892,121711.89858403725,51911018277.15554
2025-10-04 18:02:30.056,121743.66619345409,43705733771.45556
2025-10-04 19:02:26.584,121583.68696992841,40085046234.31524
2025-10-04 20:01:19.612,121968.72052188081,37753035853.6436
2025-10-04 21:02:04.831,121981.7879129011,36244418904.760376
2025-10-04 22:02:01.545,122229.25362775213,36233802297.072495
2025-10-04 23:01:59.170,122317.15720363855,35804303691.43797
2025-10-05 00:01:39.347,122428.89063350529,34849439420.54489
2025-10-05 01:01:41.291,122199.16741250416,34045193781.38118
2025-10-05 02:01:52.572,122410.86713173108,33144418031.875656
2025-10-05 03:01:42.778,124081.65218399749,38457413917.6263
2025-10-05 04:00:17.917,123864.54977449554,41162379686.91932
2025-10-05 05:02:34.157,125360.89741769346,47668443148.030914
2025-10-05 06:01:25.307,125108.59532167426,53100579565.73088
2025-10-05 07:01:20.881,125009.65624665703,54682041041.64882
2025-10-05 08:01:28.313,124763.28494640093,56778019023.68278
2025-10-05 09:01:36.702,124606.87490812004,56484517665.3502
2025-10-05 10:01:48.997,123148.92722406694,61394645587.831055
2025-10-05 11:01:08.974,123032.59682670924,64223992318.12545
2025-10-05 12:02:01.725,123486.10683115444,65426060829.42344
2025-10-05 13:01:55.949,123186.39058415455,67053204729.098854
2025-10-05 14:02:03.215,123146.53653887067,67578998788.74197
2025-10-05 15:01:08.499,123045.57811134712,68138207816.92534
2025-10-05 16:02:12.083,122820.55381383385,66803619089.03577
2025-10-05 17:02:05.428,123029.81103351283,66640927471.24574
2025-10-05 18:03:21.554,123111.74450333769,68596301418.184616
2025-10-05 19:01:18.451,123013.9043884999,69279986533.41328
2025-10-05 20:01:56.743,122604.86493111377,69022639467.68158
2025-10-05 21:02:21.816,122901.39122672529,70278549491.53911
2025-10-05 22:01:20.424,122788.69082187871,69946588867.29958
2025-10-05 23:01:45.048,123160.19781642949,70682479798.78304
2025-10-06 00:02:02.352,123506.18520027678,72011486031.26575
2025-10-06 01:00:34.310,123382.85158826497,75694071892.11697
2025-10-06 02:02:10.306,124035.45055260476,77334345565.03494
2025-10-06 03:00:51.803,124061.61792418701,72613753203.61555
2025-10-06 04:02:12.225,123952.57811836105,70189780274.97359
2025-10-06 05:06:12.331,123526.92406197298,63250820574.572464
2025-10-06 06:01:06.250,123620.88419469338,58409434183.44461
2025-10-06 07:02:16.211,123915.26327021542,56612536682.25741
2025-10-06 08:02:02.894,123377.11931871786,56901900682.476746
2025-10-06 09:02:24.407,123864.61055726717,57297645315.99694
2025-10-06 10:02:21.835,124007.44666647304,53541057154.67199
2025-10-06 11:02:41.108,124117.24691063132,51235419521.6194
2025-10-06 12:02:27.845,124256.788344884,51657889852.25669
2025-10-06 13:02:06.351,124555.90769697061,52344556631.68725
2025-10-06 14:01:59.306,124717.7784896696,54043325104.25926
2025-10-06 15:06:34.404,124579.36634572686,58815246822.26827
2025-10-06 16:00:53.185,125194.70107404342,60427636058.634094
2025-10-06 17:02:28.643,125294.91490179634,60466260495.56303
2025-10-06 18:02:38.402,125465.7344354104,63197639882.15363
2025-10-06 19:02:09.334,126079.88702928118,64602057754.86489
2025-10-06 20:06:13.414,125375.20071876704,67593796216.04656
2025-10-06 21:02:43.163,125252.37803951433,68095856589.72601
2025-10-06 22:02:32.780,124974.22659513997,70764553602.02519
2025-10-06 23:01:34.008,125071.79779861,69966745113.29373
2025-10-07 00:02:09.930,124773.50823074432,69605991064.72382
2025-10-07 01:00:25.515,124921.55229908747,66572841434.9845
2025-10-07 02:01:56.194,124655.8992667757,66362455459.09518
2025-10-07 03:00:09.833,124466.99639049203,66703821424.44216
2025-10-07 04:02:10.503,124338.75890091427,66514035315.09705
2025-10-07 05:00:27.247,124567.02336158842,66519204884.44469
2025-10-07 06:00:41.182,124435.48715295873,66751029584.72626
2025-10-07 07:01:49.481,123948.07279897777,66954009886.05509
2025-10-07 08:02:12.789,123714.60661589548,66851069272.18939
2025-10-07 09:02:26.733,124034.00312099373,68591727117.79946
2025-10-07 10:01:33.045,124165.94110094168,68066779863.163025
2025-10-07 11:00:24.877,124342.71925733486,67848962481.66093
2025-10-07 12:02:15.009,124553.84142326003,66362553471.41549
2025-10-07 13:01:25.153,125020.94913156852,66368140341.04647
2025-10-07 14:02:08.135,123652.99325933646,66778142919.319214
2025-10-07 15:01:31.075,122836.89733491105,68678011756.22955
2025-10-07 16:05:37.932,121889.18038451842,72337706842.69131
2025-10-07 17:00:45.771,121732.14822603675,75757349919.73009
2025-10-07 18:02:36.274,121268.19143320463,76425080070.8926
2025-10-07 19:01:17.492,120928.14693401169,76794849832.59253
2025-10-07 20:00:17.894,121777.83582293188,76961180295.29077
2025-10-07 21:02:31.317,122141.1149987215,77310956883.83186
2025-10-07 22:01:58.697,121880.52557087885,75569203422.8061
2025-10-07 23:01:51.660,121986.64658513198,75989308583.20114
2025-10-08 00:02:09.270,121518.75593575071,76087884719.80028
2025-10-08 01:01:43.554,121992.92527055443,77515843484.9213
2025-10-08 02:06:09.507,121937.25943753115,77428547475.22197
2025-10-08 03:02:04.668,122125.2292173656,77476496057.7891
2025-10-08 04:02:02.679,121342.42417322172,78703825248.4861
2025-10-08 05:01:55.047,121807.9359614418,78837224279.20618
2025-10-08 06:02:05.314,121275.38370398917,79491206443.30685
2025-10-08 07:06:33.819,121788.20134628833,78909600685.74966
2025-10-08 08:06:16.257,121675.72169988607,79203606821.48286
2025-10-08 09:01:35.638,122480.34767521863,80473630223.54335
2025-10-08 10:00:45.572,122493.1910435594,80176355294.73218
2025-10-08 11:02:20.759,122946.14032052325,81150466561.79118
2025-10-08 12:02:03.492,122885.17354571314,81773403897.61072
2025-10-08 13:01:18.389,122653.1405888022,80818004730.71872
2025-10-08 14:01:28.549,122259.52769446396,78807372677.43367
2025-10-08 15:02:18.144,122212.81054354674,77224253452.22235
2025-10-08 16:02:40.966,122170.82420533348,70091593870.83928
2025-10-08 17:02:07.355,123078.81464903947,66442465553.136536
2025-10-08 18:04:32.267,123966.00923012884,67836667685.18283
2025-10-08 19:02:07.154,123737.4205949182,67003492234.542206
2025-10-08 20:02:30.719,123480.34889116837,65306193347.25716
2025-10-08 21:01:56.517,123240.61753291485,64467960041.288445
2025-10-08 22:02:18.194,123218.27236696568,64674104745.30315
2025-10-08 23:02:50.010,123282.52156046173,63672292942.96474
2025-10-09 00:01:50.239,123352.50487523204,62576032795.36722
2025-10-09 01:02:42.647,123004.7073389183,60745561000.38188
2025-10-09 02:02:06.494,122445.95775755803,60890136860.06771
2025-10-09 03:02:30.790,121594.1766822819,61402366091.73503
2025-10-09 04:02:08.959,122040.70363956786,60716118083.965614
2025-10-09 05:01:51.028,122134.62739154362,60234412908.5337
2025-10-09 06:01:31.836,122119.51212540246,59296453861.88211
2025-10-09 07:00:24.210,121968.03924852247,58527046212.2448
2025-10-09 08:02:00.205,121985.73572091841,57671855724.74408
2025-10-09 09:02:18.775,121287.21846990881,56643459959.14423
2025-10-09 10:01:49.073,121808.64338495776,56424242653.44733
2025-10-09 11:00:50.884,122188.30027455505,56552171978.648445
2025-10-09 12:02:46.943,122799.10512899117,56647403332.23143
2025-10-09 13:01:59.204,123475.01328209444,59051826301.9144
2025-10-09 14:01:45.525,122786.938573978,60684628746.3464
2025-10-09 15:00:25.755,121363.29636580577,62851451750.566956
2025-10-09 16:01:31.536,121192.61184310442,64489168342.86457
2025-10-09 17:02:40.749,120322.04794974093,65503373725.57905
2025-10-09 18:02:25.718,120776.57159636542,69850218457.87468
2025-10-09 19:01:21.306,120721.00670276352,69658657556.36417
2025-10-09 20:01:17.525,121014.83772267938,70002621735.2698
2025-10-09 21:02:15.068,121176.1725746532,70689215659.6888
2025-10-09 22:01:59.856,121496.18411097584,70570627780.65773
2025-10-09 23:01:19.861,121740.81237186604,71321225128.3795
2025-10-10 00:02:01.981,121698.03066778315,72097306668.91356
2025-10-10 01:02:10.256,121820.11241777765,72143502527.41953
2025-10-10 02:01:23.703,121679.10760815437,71148147929.45927
2025-10-10 03:02:17.314,121061.73402443441,71292325421.5998
2025-10-10 04:00:25.009,121139.14938911727,70790665230.67653
2025-10-10 05:05:21.906,121225.53384747024,71056771057.92117
2025-10-10 06:02:16.882,121599.35874025906,66030748284.00717
2025-10-10 07:02:13.371,121414.4188711075,72628601271.64738
2025-10-10 08:01:55.697,121125.1481274346,73603432380.8605
2025-10-10 09:02:18.251,121500.35795851143,72088263892.40573
2025-10-10 10:00:28.096,121328.29141643904,71996121941.34242
2025-10-10 11:02:24.044,121549.06769184435,71890201536.66002
2025-10-10 12:01:52.649,121625.77040228223,70001850438.86484
2025-10-10 13:02:04.894,121581.9697775228,64967470763.88576
2025-10-10 14:02:12.081,121561.14703795656,64321747462.09059
2025-10-10 15:01:44.830,120477.61929978219,62839387045.213745
2025-10-10 16:06:18.049,118812.02216356724,72710419062.28989
2025-10-10 17:00:41.544,118315.94366728116,72554397280.7913
2025-10-10 18:00:39.000,117715.62522661283,73956259114.63068
2025-10-10 19:02:17.248,117315.44990657535,75104840522.006
2025-10-10 20:02:24.849,116954.03031018036,80931661034.2305
2025-10-10 21:06:37.650,114758.36619100878,84515970936.66656
2025-10-10 22:01:50.945,113553.46205479014,121621281414.57552
2025-10-10 23:00:23.537,113879.7376683253,141214115646.16034
2025-10-11 00:00:40.505,113043.67586321975,144943015938.3649
2025-10-11 01:02:13.888,112645.11065304682,159597906012.3768
2025-10-11 02:07:15.508,111770.30703720753,162332866765.47195
2025-10-11 03:01:03.833,113306.38533153781,169650928570.90347
2025-10-11 04:03:53.467,112320.57533198694,177285114166.92908
2025-10-11 05:00:27.638,112862.1293162982,181376534213.3002
2025-10-11 06:02:47.781,112551.01870262809,178171287606.82382
2025-10-11 07:00:12.394,112189.09314108783,179669572215.47217
2025-10-11 08:01:42.260,110481.63913656214,184909520981.1165
2025-10-11 09:03:24.648,111418.13541739546,189921947090.4497
2025-10-11 10:04:29.554,111795.7765826011,193102799593.85248
2025-10-11 11:00:48.924,112234.4172422109,196200525465.09515
2025-10-11 12:01:36.720,112323.71307768454,198734224086.1467
2025-10-11 13:02:00.789,112461.02631975264,200968706415.2818
2025-10-11 14:01:09.088,112356.46649370568,199348087578.5982
2025-10-11 15:03:41.835,112138.00716951492,197591287652.38962
2025-10-11 16:01:27.291,112030.36462224036,188457496944.30957
2025-10-11 17:00:25.246,111909.75187038742,184658258544.7844
2025-10-11 18:01:31.605,112032.04769637782,180102480559.45358
2025-10-11 19:04:26.478,112042.23298089817,176312449672.542
2025-10-11 20:03:00.614,111322.52027293928,171962009581.942
2025-10-11 21:04:58.705,110389.75589111897,164866691778.10126
2025-10-11 22:00:46.934,111018.66093843614,134180604373.29742
2025-10-11 23:03:32.797,111134.29648271875,116778720994.19617
2025-10-12 00:03:24.823,110655.26975977031,107157298680.41295
2025-10-12 01:03:01.794,109883.28741022735,101830056396.47704
2025-10-12 02:04:52.221,110195.76140174491,98486351975.34866
2025-10-12 03:01:26.039,110198.81941126974,91523779413.76866
2025-10-12 04:00:05.653,110809.92567892557,91641974718.0481
2025-10-12 05:01:53.811,111600.18576625599,89619883784.61444
2025-10-12 06:02:11.747,111804.41628579248,87154591231.01817
2025-10-12 07:04:39.246,111880.60944752423,85296205701.12354
2025-10-12 08:00:24.411,111610.35181820815,78742017035.20352
2025-10-12 09:02:31.162,111424.09313681557,74294271143.94008
2025-10-12 10:02:32.217,111715.42597420496,71537270469.06314
2025-10-12 11:04:23.341,111673.88492636397,68734606824.15562
2025-10-12 12:01:24.403,111881.97093087486,67870244374.901085
2025-10-12 13:04:01.525,111730.67039614542,68056471203.68879
2025-10-12 14:05:42.118,111392.91511512472,67890791036.11572
2025-10-12 15:02:22.387,112780.0801516365,70488976649.2635
2025-10-12 16:08:46.996,113766.07316288614,80706532456.19086
2025-10-12 17:02:07.275,114138.69413740357,86472365274.94025
2025-10-12 18:04:14.507,113916.48201637086,88597596692.06122
2025-10-12 19:02:32.879,113920.63195452522,90198493425.0763
2025-10-12 20:02:31.731,114410.28595211994,88774745635.04588
2025-10-12 21:01:39.450,115102.85953861696,89279354303.57439
2025-10-12 22:01:29.028,115159.31139197148,90811092390.75934
2025-10-12 23:00:46.357,115481.167676035,93530046405.73566
2025-10-13 00:01:26.553,115189.5714637257,93857100744.12454
2025-10-13 01:02:32.465,115460.42256128507,95002885589.64282
2025-10-13 02:06:32.548,115469.76764925767,95415979996.61765
2025-10-13 03:00:31.762,115531.30986841043,93557308925.70139
2025-10-13 04:02:41.664,114822.18843005072,91693103041.9736
2025-10-13 05:00:42.875,114749.493799974,92453792614.427
2025-10-13 06:02:02.804,114704.85275678411,92843334664.62785
2025-10-13 07:01:58.916,115299.61768579362,92599466404.269
2025-10-13 08:01:34.398,115297.5797796327,93201842758.15028
2025-10-13 09:00:15.535,115453.51748455205,93314301377.93721
2025-10-13 10:01:36.213,115172.1122562179,93815649390.40906
2025-10-13 11:02:29.024,114982.10589809314,94160027817.58493
2025-10-13 12:01:42.500,114188.711669866,95811656008.70804
2025-10-13 13:00:20.330,114530.95349944655,95293607302.25832
2025-10-13 14:01:49.956,115185.27520212739,97486325621.11076
2025-10-13 15:02:26.308,114004.90391225103,96008309889.21964
2025-10-13 16:01:14.564,114460.25520200531,85991288377.61833
2025-10-13 17:01:19.695,114804.96443156546,84597291976.3149
2025-10-13 18:05:20.835,115053.21874518311,78427381618.9259
2025-10-13 19:02:08.525,115195.38142923413,80550977010.79022
2025-10-13 20:02:19.769,115933.90325039899,82113346362.13408
2025-10-13 21:02:01.260,115683.90289067196,78898139766.49681
2025-10-13 22:02:09.323,115774.07201844799,75427943831.15915
2025-10-13 23:01:44.736,115638.30336881512,72089627816.4351
2025-10-14 00:01:58.277,115222.28302116522,68935270367.04033
2025-10-14 01:02:10.709,115036.14482821569,66692160931.361595
2025-10-14 02:01:16.407,114364.38519523863,64512270890.611694
2025-10-14 03:02:05.825,113814.46413991987,65746730662.44479
2025-10-14 04:06:18.555,113637.98369700304,66224528026.055084
2025-10-14 05:02:12.441,113029.73083499433,66815094956.96099
2025-10-14 06:02:03.183,112655.30013403119,70249697639.32574
2025-10-14 07:02:08.664,112094.7164342959,72848208186.40842
2025-10-14 08:06:06.316,111669.82382780964,72908504499.91113
2025-10-14 09:00:48.497,111901.5346157505,74162685398.49306
2025-10-14 10:02:31.399,111209.35444843434,73726346877.81738
2025-10-14 11:01:22.763,110735.7337032851,72445128643.86992
2025-10-14 12:02:25.563,111452.06269598994,76969757020.46548
2025-10-14 13:02:16.419,111029.60238953518,75074053985.84886
2025-10-14 14:02:21.126,111074.18245173771,77047525787.73283
2025-10-14 15:04:54.484,111599.09482139278,78224859574.11575
2025-10-14 16:00:10.102,112668.23161517075,80128008480.93158
2025-10-14 17:02:19.914,112683.18897145659,84264740590.93355
2025-10-14 18:00:46.031,112870.01637755331,87174847401.40593
2025-10-14 19:02:15.244,112929.9397716864,88227416649.37022
2025-10-14 20:01:20.253,112715.50165167684,88574970715.21085
2025-10-14 21:02:24.738,112990.21580043276,89542594129.63644
2025-10-14 22:07:21.157,113442.28069364143,90884744535.46605
2025-10-14 23:02:22.818,113253.1113223007,91553313572.8924
2025-10-15 00:02:08.525,113156.56943826913,91211854988.91518
2025-10-15 01:02:08.055,112995.308511099,91070165732.48682
2025-10-15 02:02:07.227,112700.04411105992,92110730293.59456
2025-10-15 03:02:17.003,113062.13544234853,91740781080.23228
2025-10-15 04:01:43.917,112088.22986745652,89685610506.59418
2025-10-15 05:00:21.531,112422.24901596077,89420497077.08078
2025-10-15 06:01:38.084,112476.0869349915,86585990031.99356
2025-10-15 07:01:38.095,112443.6612941868,85218966691.37889
2025-10-15 08:01:35.647,112592.77559223701,82912145030.68195
2025-10-15 09:00:45.005,113042.7817158566,84161484134.225
2025-10-15 10:02:05.933,112562.48777658338,83730892297.40619
2025-10-15 11:05:44.204,112421.39545765055,81356057690.56117
2025-10-15 12:01:15.195,111972.49734494487,79602177665.82932
2025-10-15 13:01:21.923,111771.39865374852,79088489447.70752
2025-10-15 14:00:53.142,111487.93584452692,76387240382.05148
2025-10-15 15:01:55.608,111121.72507506835,77956635648.5096
2025-10-15 16:02:49.419,110767.84168895654,78300329372.1593
2025-10-15 17:02:13.738,110818.25472180649,75244557064.11298
2025-10-15 18:01:30.619,111199.93148834158,73153501986.96217
2025-10-15 19:02:47.320,111421.2073092355,71251085901.78676
2025-10-15 20:01:10.893,111311.1263122397,68515853575.26547
2025-10-15 21:02:28.482,111172.12653064249,69515516635.25504
2025-10-15 22:02:20.311,110752.26596267126,70130730308.36995
2025-10-15 23:02:07.391,110793.48679619528,69516378992.15611
2025-10-16 00:01:54.012,110708.66960879423,68877328886.40259
2025-10-16 01:02:12.384,110531.09583273325,68078442276.4944
2025-10-16 02:01:48.373,111271.68118521282,68065567585.622185
2025-10-16 03:01:53.264,111516.32075982497,67409165631.31596
2025-10-16 04:01:55.362,111563.02242448437,67344074658.22809
2025-10-16 05:02:06.988,111076.6155384864,65881626774.86108
2025-10-16 06:00:53.519,110968.85054268927,66466613532.92376
2025-10-16 07:02:02.565,111693.47908038496,66551235712.76431
2025-10-16 08:01:52.828,110689.07472780014,67270979610.165985
2025-10-16 09:02:17.389,110871.19673179896,64925884698.014084
2025-10-16 10:02:29.707,111183.20320387377,69823765847.49117
2025-10-16 11:02:25.782,111585.59359375246,70552706056.12277
2025-10-16 12:01:39.741,111444.15250991116,68139202259.859344
2025-10-16 13:02:03.746,111606.05066574663,69960700101.17256
2025-10-16 14:02:11.592,110922.2576204432,68068961067.47736
2025-10-16 15:06:59.486,110648.09858393036,69358899310.28043
2025-10-16 16:02:33.087,108705.59082599828,71973329815.08989
2025-10-16 17:02:24.325,108797.48915023833,77569009612.55142
2025-10-16 18:02:35.998,108351.07919531601,79730831731.29482
2025-10-16 19:05:35.629,108681.9674782462,82809007727.20667
2025-10-16 20:02:09.686,108357.1050855725,85287127334.73863
2025-10-16 21:00:44.324,107808.50597374301,85503301473.34898
2025-10-16 22:01:46.700,108417.82422450527,84229882790.25665
2025-10-16 23:01:46.793,107985.60383108161,84372309946.72626
2025-10-17 00:01:42.076,108168.17353436728,84082093222.60306
2025-10-17 01:02:00.529,108721.02286448535,84658092045.89568
2025-10-17 02:04:28.882,108614.70730145884,84095629502.62212
2025-10-17 03:00:15.856,108850.80479080149,83978891928.7452
2025-10-17 04:00:23.041,109181.00611204734,83894003483.31767
2025-10-17 05:01:20.841,108844.69706569162,83805416561.37149
2025-10-17 06:01:20.048,108418.74567209769,83139133942.3639
2025-10-17 07:00:28.432,106777.58590344951,86064527758.258
2025-10-17 08:02:38.750,105720.55420111967,84438631008.32152
2025-10-17 09:00:16.895,104941.22576466638,90672685758.21806
2025-10-17 10:02:28.996,104953.76270225686,89910775406.19298
2025-10-17 11:01:36.997,104777.54392041727,100596515472.72072
2025-10-17 12:02:40.796,105637.72456941512,106758951269.52231
2025-10-17 13:01:42.279,105353.87398216527,106448494077.52037
2025-10-17 14:01:49.806,105909.58504396181,111400646085.07344
2025-10-17 15:02:44.651,105410.36143840729,111160082125.38583
2025-10-17 16:01:38.378,106825.8474195911,107352416042.17776
2025-10-17 17:02:59.912,106436.7153558714,104772980615.70126
2025-10-17 18:00:55.516,106458.72871351143,101749399447.34381
2025-10-17 19:02:14.709,106637.64075028818,99848223499.28891
2025-10-17 20:01:35.385,106567.25320451484,97266195485.48622
2025-10-17 21:01:51.470,107107.46307298902,96340559067.34482
2025-10-17 22:01:55.025,107429.45346955593,96686567821.47481
2025-10-17 23:01:42.196,107016.94179918483,95435805024.39355
2025-10-18 00:02:27.752,106443.61194984635,94325236794.78163
2025-10-18 01:01:05.842,106873.8466281408,94051280439.38478
2025-10-18 02:02:09.305,107099.65206107982,93516063676.61346
2025-10-18 03:01:54.443,106609.13013785085,93949718241.94647
2025-10-18 04:02:17.068,107128.71710851924,94049581587.84604
2025-10-18 05:01:49.051,106536.96768166094,94062325223.17868
2025-10-18 06:06:33.837,106794.97175083953,93386578596.81616
2025-10-18 07:02:06.389,106919.60377644845,89028331128.5016
2025-10-18 08:00:09.167,107022.8593157679,85745915419.23831
2025-10-18 09:01:51.416,106803.86682905952,78896398736.18059
2025-10-18 10:01:25.274,106932.4066286696,74514623264.92726
2025-10-18 11:02:46.932,106991.11301872972,69791454976.46635
2025-10-18 12:02:22.785,106980.1455985165,62943586278.17756
2025-10-18 13:00:11.248,107070.93471032777,59869865659.93271
2025-10-18 14:02:21.905,106968.26416692934,55442026458.03102
2025-10-18 15:01:40.479,107011.34462815462,51739211979.51578
2025-10-18 16:02:18.015,106992.63460145699,47285224605.703964
2025-10-18 17:02:09.994,106706.53067279152,42722961668.837944
2025-10-18 18:00:33.468,106897.87467019023,41478013414.43458
2025-10-18 19:01:15.563,106873.61641543529,39133098478.63814
2025-10-18 20:03:04.173,107094.35594603926,37373448013.97085
2025-10-18 21:02:34.189,107044.77083141152,37353018607.98546
2025-10-18 22:02:09.488,107210.23428047558,36019733239.051315
2025-10-18 23:01:54.863,107147.81742888642,35150418701.746925
2025-10-19 00:01:18.811,107156.00337647724,34412835719.61292
2025-10-19 01:02:18.370,106903.79932474553,34032953070.268284
2025-10-19 02:01:50.005,106994.99026184587,33265992450.17267
2025-10-19 03:01:03.793,106892.59199791536,31375272318.221313
2025-10-19 04:01:50.487,107277.8900097389,30601942751.566803
2025-10-19 05:01:55.680,107097.55099996917,29299383126.59057
2025-10-19 06:01:10.384,106894.00465728603,29248390630.482315
2025-10-19 07:02:12.828,106765.30322754725,29330122845.180565
2025-10-19 08:01:33.565,106815.08572050236,27152674277.969116
2025-10-19 09:02:15.508,106489.79430051908,26788041486.81534
2025-10-19 10:02:15.247,107601.94399619543,30479649887.790333
2025-10-19 11:01:40.437,107661.60148137854,32432721746.397736
2025-10-19 12:01:35.422,107804.49082162174,33632438266.658344
2025-10-19 13:01:58.902,107580.78284153281,34525936554.80079
2025-10-19 14:01:42.390,108074.73428483192,36448487441.091606
2025-10-19 15:02:39.950,108440.14412851754,38069971274.23057
2025-10-19 16:01:51.987,108430.33239110556,38984506202.47811
2025-10-19 17:01:59.341,108701.68249623412,38783141238.06149
2025-10-19 18:03:14.344,109198.03762001857,41159519914.58972
2025-10-19 19:01:35.747,109404.69898589609,41430959218.005135
2025-10-19 20:01:24.446,108953.78744965605,42055133529.80098
2025-10-19 21:01:18.919,108899.47537203658,43381849508.04109
2025-10-19 22:02:12.265,108703.11827939545,43763819662.04345
2025-10-19 23:05:53.387,108976.71889815509,43654295436.47771
2025-10-20 00:01:32.977,108655.50525004533,45408363377.72644
2025-10-20 01:01:53.431,107984.75530202611,47566792920.39108
2025-10-20 02:01:59.103,108031.89967462847,49109684621.02619
2025-10-20 03:01:35.248,108802.63136876836,50134016308.49466
2025-10-20 04:00:30.391,110213.82084744876,51588069017.622604
2025-10-20 05:02:02.150,110408.77985590181,54371009717.41414
2025-10-20 06:02:08.401,110988.93843181919,54493510172.475365
2025-10-20 07:00:56.022,111313.87149220676,58672997673.10963
2025-10-20 08:02:10.457,111154.61395542785,60507031078.82556
2025-10-20 09:02:09.712,111127.01051419933,60477164403.47837
2025-10-20 10:02:05.135,110867.09387240493,57748358790.39225
2025-10-20 11:02:13.150,110771.30592452061,56432967444.027596
2025-10-20 12:01:57.812,111032.33988398887,56845024194.31343
2025-10-20 13:01:46.090,110846.45798521055,56603049343.19464
2025-10-20 14:02:05.674,111057.76323610534,56951875450.85751
2025-10-20 15:02:01.271,111322.7026176929,54922977748.88105
2025-10-20 16:01:44.069,111427.00607037144,57736025276.87082
2025-10-20 17:02:14.552,110455.59307840143,58638542979.983604
2025-10-20 18:06:05.663,110340.15173252257,59747760476.96148
2025-10-20 19:01:53.170,110880.01637720925,61340708050.11567
2025-10-20 20:01:06.545,110828.02730463324,58318144748.04552
2025-10-20 21:01:29.880,111027.57915637184,61961933993.59227
2025-10-20 22:01:29.273,110585.68622264663,62031463211.904945
2025-10-20 23:01:53.828,110836.40846709388,60445242245.29478
2025-10-21 00:01:43.169,110608.5714932665,60452111148.140076
2025-10-21 01:01:26.902,110490.77048453045,59191136569.073326
2025-10-21 02:01:49.718,110033.27171327456,58357570651.96339
2025-10-21 03:01:53.495,109587.65776738718,56883603277.56171
2025-10-21 04:00:49.986,109133.49157778294,57828962228.22514
2025-10-21 05:02:25.251,107726.40857946868,59607118765.69651
2025-10-21 06:01:24.865,107603.55609132143,60016636810.12489
2025-10-21 07:00:45.743,107941.29470249634,59762166971.63707
2025-10-21 08:02:09.012,108131.8700683883,59132969011.495346
2025-10-21 09:00:25.975,107766.34807709047,59491767200.3535
2025-10-21 10:04:13.568,107763.47584764786,58424139335.8988
2025-10-21 11:01:38.457,108596.10577425564,59737161358.47588
2025-10-21 12:00:42.132,108617.2385815631,59161670725.99711
2025-10-21 13:01:36.835,108971.72776049396,61059714372.318954
2025-10-21 14:01:49.751,108309.2361192458,63188673032.88785
2025-10-21 15:01:50.157,111287.67777555031,67336530714.278854
2025-10-21 16:01:38.519,113348.64642768126,78653299099.68555
2025-10-21 17:00:49.355,113187.82370886576,81309725328.1666
2025-10-21 18:01:45.303,112242.69050087218,89182979539.62086
2025-10-21 19:04:36.508,112036.99785939645,93869895045.02626
2025-10-21 20:01:43.621,112007.191816047,94505999758.27847
2025-10-21 21:02:13.036,111054.58615655528,96386722535.41913
2025-10-21 22:00:48.755,110884.56814982755,98412214740.33475
2025-10-21 23:00:36.945,109054.76698417134,102812337428.45735
2025-10-22 00:01:47.504,108486.10262716639,105841401713.00197
2025-10-22 01:02:02.979,108176.85366493631,108453929065.91843
2025-10-22 02:01:31.102,108312.61477755955,110924540365.8536
2025-10-22 03:01:37.144,108351.05278027857,109442290338.12167
2025-10-22 04:00:56.898,108232.82394157407,111255825963.54279
2025-10-22 05:01:09.087,108647.44801249019,108333005051.2255
2025-10-22 06:01:51.580,108155.47577191296,108244747796.1351
2025-10-22 07:01:57.581,108032.84497446724,107402937498.47238
2025-10-22 08:02:01.734,108275.95914473248,108194817456.69743
2025-10-22 09:03:22.444,108283.3153134732,107145644831.9151
2025-10-22 10:01:50.648,108078.33299528153,107404969489.3524
2025-10-22 11:01:31.203,107750.27429465861,106609173723.1235
2025-10-22 12:00:43.780,107555.8236449532,109876344030.81607
2025-10-22 13:02:12.442,108107.16765801999,109560316895.8411
2025-10-22 14:01:54.312,108357.70532107855,110084370599.18034
2025-10-22 15:01:24.048,108333.13943669449,111298532800.18675
2025-10-22 16:01:21.244,108483.40485103302,105685310599.54451
2025-10-22 17:01:49.707,108424.77914089886,103553386119.31033
2025-10-22 18:06:07.541,107840.73977460664,92738752448.36717
2025-10-22 19:01:20.604,108023.06189301437,90159429632.36546
2025-10-22 20:01:31.717,108009.97571965467,90704341918.82027
2025-10-22 21:01:46.788,107576.47963570953,89549286976.6992
2025-10-22 22:02:11.639,107291.22838880101,90547135418.75557
2025-10-22 23:01:30.671,107087.57222183463,86457544361.6167
2025-10-23 00:01:17.738,107591.46050939859,83845139284.72319
2025-10-23 01:02:10.552,107929.70505683837,81435402249.9197
2025-10-23 02:06:34.049,108160.30780064978,79985548683.0014
2025-10-23 03:02:32.190,108262.86606683451,79603318166.0228
2025-10-23 04:01:51.353,108427.32244325992,78054434894.6024
2025-10-23 05:00:37.318,108715.74633296949,77579528514.31409
2025-10-23 06:01:28.966,108947.13724391792,75496668727.5829
2025-10-23 07:01:50.973,110161.63360321848,77327094362.24405
2025-10-23 08:01:07.517,109330.27512436418,77175504147.75238
2025-10-23 09:02:26.339,109495.83714322322,78169401413.28532
2025-10-23 10:01:41.644,109421.78783243243,77054031468.8959
2025-10-23 11:02:01.857,109478.10035542453,76994336279.00363
2025-10-23 12:02:09.895,109224.3833219622,72701207994.54802
2025-10-23 13:02:06.860,109094.58492144197,72202910231.24847
2025-10-23 14:00:27.743,109592.40562051734,72460037214.15092
2025-10-23 15:01:25.576,109628.74203736876,66356414987.94387
2025-10-23 16:01:56.678,110010.57252049325,64455788409.03472
2025-10-23 17:00:32.266,110228.23713486004,62144652126.01158
2025-10-23 18:01:46.415,111200.25221791971,63993349899.55047
2025-10-23 19:01:05.225,110608.17600608674,62254805503.27451
2025-10-23 20:00:54.510,110259.20500676983,62678726155.35082
2025-10-23 21:01:50.700,109894.82604619532,61917465994.68562
2025-10-23 22:06:08.947,109694.02033354466,58033907907.98742
2025-10-23 23:01:16.719,109976.56229518166,57480485614.18764
2025-10-24 00:01:32.885,110048.51827291629,56192643013.57058
2025-10-24 01:01:58.300,110590.88131635876,56821625328.63084
2025-10-24 02:03:23.505,110570.44696030706,55700195228.364655
2025-10-24 03:00:55.853,110676.86052315126,54811298422.38445
2025-10-24 04:02:09.546,110475.2792746721,53768095346.468666
2025-10-24 05:01:40.101,111294.44433723789,55046656080.67852
2025-10-24 06:01:53.056,111278.18292651157,55511958758.330154
2025-10-24 07:01:27.631,111455.90523406792,53247592269.849945
2025-10-24 08:01:53.193,110990.68405371568,52640307861.5764
2025-10-24 09:01:56.661,111151.46710179307,52736575981.74292
2025-10-24 10:01:40.693,111344.38642783243,52918914200.17073
2025-10-24 11:01:39.714,111213.9317437174,52289080297.42824
2025-10-24 12:01:39.154,111051.84953520617,52461139088.13667
2025-10-24 13:02:06.114,111307.25811547365,53119844871.94176
2025-10-24 14:01:48.333,110838.85709025283,53745305613.15122
2025-10-24 15:02:07.792,109988.92412004159,55957705640.644646
2025-10-24 16:01:23.462,110149.04389859618,55588745904.34451
2025-10-24 17:01:29.344,110215.34810199725,54814214815.31983
2025-10-24 18:01:45.357,110342.829253726,52035705509.99468
2025-10-24 19:01:52.497,110585.2481046863,50564794885.289116
2025-10-24 20:01:48.213,110630.57948719687,50550734576.372955
2025-10-24 21:01:24.037,110919.40218327155,50011828616.616714
2025-10-24 22:01:41.873,111087.74174490428,50356002371.43805
2025-10-24 23:01:31.349,110995.20314850457,49295175746.96991
2025-10-25 00:01:14.240,110997.80437129698,49120903424.344864
2025-10-25 01:01:43.849,110742.40086612821,48566658471.524704
2025-10-25 02:06:10.358,111108.65312045229,47404433107.8232
2025-10-25 03:01:44.990,111080.28336353975,46911393812.88486
2025-10-25 04:01:17.401,111036.626561223,46793952918.09299
2025-10-25 05:01:37.818,111306.02452878485,44700653046.055244
2025-10-25 06:00:08.353,111338.44291460582,44341978842.13921
2025-10-25 07:06:51.173,111471.77574252381,43707219184.67031
2025-10-25 08:00:52.978,111507.89326706811,42397045000.05685
2025-10-25 09:01:21.761,111738.98925653729,42076111898.03806
2025-10-25 10:01:23.458,111560.34109927919,41765137382.872505
2025-10-25 11:01:01.970,111578.64850382108,41722621267.91621
2025-10-25 12:01:00.739,111600.24101661498,40480743660.90279
2025-10-25 13:02:14.546,111820.39354605979,37429472267.53396
2025-10-25 14:01:24.189,111696.70432950435,34478538435.26931
2025-10-25 15:02:08.685,111587.53286386712,30261042109.547832
2025-10-25 16:01:34.990,111454.48811350744,28805597540.219513
2025-10-25 17:01:28.049,111382.63495934718,28460292005.491276
2025-10-25 18:01:29.669,111303.69891957722,27602538131.48776
2025-10-25 19:01:30.326,111652.20193757836,27247154259.283455
2025-10-25 20:01:55.945,111589.25036071423,26615896201.055088
2025-10-25 21:00:58.850,111436.9480174695,25693654115.58071
2025-10-25 22:02:05.689,111397.19070064751,23654875378.756046
2025-10-25 23:01:42.851,111688.03881568028,23214928446.454586
2025-10-26 00:01:22.473,111620.3093731354,23214874411.212166
2025-10-26 01:01:54.839,111758.63702762155,23727825363.646564
2025-10-26 02:01:27.889,111753.27794364102,23468757294.834923
2025-10-26 03:01:16.251,111464.8648935945,23810398370.866337
2025-10-26 04:01:29.835,111319.18877311777,23676534608.590992
2025-10-26 05:01:10.205,111436.09985959985,23199514851.87472
2025-10-26 06:01:20.297,111635.49772678263,23152835487.442013
2025-10-26 07:01:54.683,111614.99255495325,22663296544.090733
2025-10-26 08:00:48.122,111714.20855820262,21575505861.126106
2025-10-26 09:01:49.036,111826.19227478495,21676968377.62704
2025-10-26 10:05:43.979,112501.78806508525,23818779298.86553
2025-10-26 11:01:55.074,112486.22493930868,23834474379.81163
2025-10-26 12:00:44.965,113282.59454999492,26181903329.828007
2025-10-26 13:02:17.755,113586.72462343427,28814698005.128864
2025-10-26 14:01:54.808,113635.90930857442,30422503779.199986
2025-10-26 15:01:58.947,113578.8366173319,31509330421.187614
2025-10-26 16:01:01.331,113680.01517857636,32849103229.00524
2025-10-26 17:00:30.286,113557.60101098006,33677045138.411633
2025-10-26 18:02:12.302,113484.57948892299,33646137812.865295
2025-10-26 19:02:06.151,113659.68644218838,34306304063.40967
2025-10-26 20:06:36.133,113547.67923965938,34163997738.836216
2025-10-26 21:01:15.240,113450.43372360575,34373162653.56357
2025-10-26 22:02:06.721,113502.98049760169,35579011072.157845
2025-10-26 23:01:58.845,114722.01666031986,40444618322.74704
2025-10-27 00:01:35.763,114476.01227508577,42483268634.18711
2025-10-27 01:02:04.284,114833.21487111114,44772560013.98788
2025-10-27 02:02:02.520,115308.49503837402,46338236759.98274
2025-10-27 03:00:17.245,114916.39023835513,47430232778.0256
2025-10-27 04:01:06.405,114972.25873472058,47876590857.43922
2025-10-27 05:01:56.590,115269.0589739152,49130096249.47339
2025-10-27 06:01:29.862,115513.15524233114,50726418595.15428
2025-10-27 07:01:49.128,115957.34497996338,53991284646.992294
2025-10-27 08:01:39.689,115579.33624074656,59420918738.75472
2025-10-27 09:00:36.270,115013.80014279131,62385305266.45306
2025-10-27 10:01:50.307,115262.65742354769,61512923317.073456
2025-10-27 11:01:37.580,115473.70985490437,61825786671.79071
2025-10-27 12:01:09.301,115358.85880884479,61295336025.316086
2025-10-27 13:00:47.745,115059.27087470166,60224117346.49529
2025-10-27 14:01:54.529,115230.79366880337,60545992671.94524
2025-10-27 15:02:26.192,114727.2314881359,61416261592.6787
2025-10-27 16:02:16.064,114913.77257348821,63427894007.38647
2025-10-27 17:02:40.552,115561.48527435142,64309122930.07193
2025-10-27 18:01:57.229,115625.97153429297,64652737020.90163
2025-10-27 19:01:18.128,115351.62818111318,65007238156.04738
2025-10-27 20:01:50.146,114851.0039675739,65999801352.46563
2025-10-27 21:02:13.243,114556.78780221104,67295691639.97325
2025-10-27 22:01:44.244,114483.57892379885,67662065410.87398
2025-10-27 23:03:31.873,114083.62215827091,62072298196.14764
2025-10-28 00:01:14.861,114182.79442806762,63764801510.65889
2025-10-28 01:03:03.111,114007.46090415215,62178013643.9187
2025-10-28 02:01:27.263,114432.66116338983,61083202115.52896
2025-10-28 03:01:10.146,113915.6145651774,61127470168.98145
2025-10-28 04:01:15.518,113893.59661408314,60963076648.821106
2025-10-28 05:01:34.224,114014.14638386737,60734409500.62036
2025-10-28 06:01:45.264,113598.84106730104,59800690904.701805
2025-10-28 07:01:50.784,114167.25192120054,57789888972.11218
2025-10-28 08:01:33.021,114180.58925285893,54242192397.58949
2025-10-28 09:01:52.934,114409.44738110699,51774273210.30425
2025-10-28 10:05:10.629,114517.38704647879,49666318275.58685
2025-10-28 11:02:00.825,114582.85223859442,49058836922.54405
2025-10-28 12:01:58.518,114330.19264699018,49073091442.51248
2025-10-28 13:06:17.115,114579.63972598457,48839958377.17446
2025-10-28 14:02:04.742,115370.86317531622,50497018550.12347
2025-10-28 15:01:43.446,115047.92316979246,53526195000.18852
2025-10-28 16:01:37.203,114680.98349398134,68230026856.07642
2025-10-28 17:02:11.444,115432.20899391148,55329872787.87016
2025-10-28 18:01:57.642,115390.24148231091,56564101852.96756
2025-10-28 19:01:54.870,114879.04201216743,57319566844.75259
2025-10-28 20:01:44.536,113794.77088444383,59824664954.64301
2025-10-28 21:01:42.923,112848.07396975305,63598190368.57788
2025-10-28 22:05:29.138,112996.28547098102,65306299388.55684
2025-10-28 23:01:51.870,113215.0370549014,65448489825.38053
2025-10-29 00:01:35.278,112950.34863259472,66299512352.17796
2025-10-29 01:00:23.266,112619.43698929879,66964047684.5836
2025-10-29 02:01:48.539,112442.13048264038,68911916641.28738
2025-10-29 03:00:37.601,112661.34220587023,68246914010.96931
2025-10-29 04:01:14.698,112553.70991070892,68091861961.79018
2025-10-29 05:01:20.334,112807.01104719764,67288231931.51957
2025-10-29 06:02:19.564,113053.19741122347,67645468006.27835
2025-10-29 07:01:28.024,113314.76255765892,67499481597.56171
2025-10-29 08:00:50.653,113559.64323800545,65993341590.48789
2025-10-29 09:01:38.239,113068.464139051,68339797815.917244
2025-10-29 10:00:21.666,113004.85818477189,68665625699.71115
2025-10-29 11:01:59.949,112901.12769806414,67748194331.09747
2025-10-29 12:02:19.901,113128.77700040374,67945506758.53677
2025-10-29 13:00:12.361,113208.25405094813,67156756527.414665
2025-10-29 14:02:09.000,112936.90520098753,65958789140.679436
2025-10-29 15:01:02.607,112462.75028238822,62673199824.66171
2025-10-29 16:01:38.543,111501.30810115003,63889379594.945816
2025-10-29 17:02:06.990,111227.7335586805,64047923253.23248
2025-10-29 18:01:53.601,111896.91803955882,57229557689.227615
2025-10-29 19:10:42.000,111267.78245742428,72084038346.47943
